keyword,category,count
highlighter,things,108
refrigerator,things,108
garbage truck,things,102
medicine cabinet,things,98
owl,things,96
staircase,things,94
garage door,things,88
shower mat,things,86
car seat,things,86
pea soup,things,84
ink cartridge,things,82
walking stick,things,82
medication dispenser,things,82
swimsuit,things,82
garbage disposal,things,80
hay bale,things,78
eye mask,things,78
dijon mustard,things,78
webcam,things,78
tea leaf,things,78
broken glass,things,78
punching bag,things,76
desk lamp,things,76
push pin,things,76
foam roller,things,76
stationary bike,things,74
piano,things,74
electric scooter,things,74
water tank,things,74
laundry basket,things,74
vacuum cleaner,things,72
dental chair,things,72
butterfly,things,72
cabinet,things,72
desktop computer,things,72
magazine rack,things,72
aquarium,things,70
microphone stand,things,70
kiosk,things,70
sunglasses,things,70
battery bank,things,70
garbage can,things,68
wardrobe,things,68
tire iron,things,68
raccoon,things,68
calculator,things,66
suitcase,things,66
trash can,things,66
stadium,things,66
sofa,things,66
barcode,things,64
projector,things,64
rehearsal room,things,64
pot holder,things,64
rocketship,things,64
chimney,things,64
curling iron,things,62
zinc,things,62
wine decanter,things,62
exercise mat,things,62
mesquite,things,62
tape dispenser,things,62
crochet hook,things,62
solar panel,things,60
glitter,things,60
restaurants,things,60
excavator,things,60
incubator,things,60
salt scrub,things,60
parachute,things,60
flashlight,things,60
hot water bottle,things,58
yoga block,things,58
plastic tub,things,58
trumpet,things,58
electrical tape,things,58
metal lid,things,58
pant,things,58
sticker,things,58
hazelnut tree,things,56
sprinkler,things,56
volcano,things,56
lint trap,things,56
spider web,things,56
garment rack,things,56
contact lenses,things,54
free weights,things,54
lemming,things,54
binoculars,things,54
violin bow,things,54
server rack,things,54
oil filter,things,54
cupcake,things,54
truck,things,54
iris,things,54
nachos,things,54
unripe banana,things,54
ear protection,things,54
bedspread,things,54
glove box,things,54
earplug,things,54
fanny pack,things,54
pilates reformer,things,54
bear,things,54
engravings,things,54
generator,things,54
ice tea,things,52
hair clip,things,52
udon noodles,things,52
duffle bags,things,52
vip box,things,52
cooling tower,things,52
piping tips,things,52
brush,things,52
gator,things,52
fire coral,things,52
bar towel,things,52
dj turntable,things,52
finger,things,52
dish rack,things,52
moss ball,things,52
throw blanket,things,52
washcloth,things,52
deposit slip,things,52
waterfowl blind,things,52
drill bit,things,52
trinket box,things,52
lego,things,52
vespa,things,52
security booth,things,52
video camera,things,52
electric toothbrush,things,52
reindeer,things,50
reservoir,things,50
apricot tree,things,50
hair tie,things,50
upholstered sofa,things,50
crutch,things,50
food warmers,things,50
user manual,things,50
pitcher,things,50
infrared sensor,things,50
kale smoothie,things,50
fabric roll,things,50
lipstick,things,50
fudge brownie,things,50
power drill,things,50
hairspray,things,50
candy wrapper,things,50
fence gate,things,50
wild garlic,things,50
espresso machine,things,50
dandelion,things,50
antiseptic wipe,things,50
flour,things,50
flat shoe,things,50
shin guards,things,50
spray,things,50
ramen,things,50
oxygen tank,things,50
wine aerator,things,50
travel pillow,things,50
wedding ring,things,50
pineapple,things,50
utility cart,things,50
electrical panel,things,50
grill,things,50
cholla cactus,things,50
house key,things,50
paint roller,things,50
lime,things,48
lighting rig,things,48
jaffa cake,things,48
gift bag,things,48
vortex mixer,things,48
vintage clock,things,48
cutter,things,48
steam room,things,48
prairie sunflower,things,48
coffee grinder,things,48
fishnet,things,48
food cart,things,48
pumpkin pie,things,48
personal protective equipment,things,48
smoke detector,things,48
pedal boat,things,48
honeycrisp,things,48
serving bowl,things,48
high chair,things,48
hospital bed,things,48
orange tree,things,48
sieve,things,48
ice crusher,things,48
plant saucer,things,48
dog crate,things,48
peach tree,things,48
impatiens,things,48
guitar string,things,48
pelican,things,48
internet router,things,48
power meter,things,48
hairbrush,things,48
electric fan,things,48
audio guide,things,48
plate,things,48
lemon balm,things,46
fungi,things,46
duct tape,things,46
enamel pin,things,46
fur,things,46
fox,things,46
heating element,things,46
turn signal,things,46
tricycle,things,46
tea cup,things,46
coffee bag,things,46
hairspray can,things,46
concrete block,things,46
tuning fork,things,46
trouser,things,46
iron bar,things,46
varnish,things,46
tool box,things,46
glove,things,46
diary,things,46
granola,things,46
extension ladder,things,46
tracksuit,things,46
grape vine,things,46
juniper bush,things,46
exhaust fan,things,46
greeting card,things,46
impact crusher,things,46
iced coffee,things,46
hummus,things,46
garden rake,things,46
toothbrush,things,46
fishing net,things,46
tool cabinet,things,46
dashboard camera,things,46
kitchenette,things,46
kiwifruit,things,46
guard tower,things,46
cobweb,things,46
booth seating,things,46
mulberry,things,46
violin,things,46
rags,things,46
space probe,things,46
salt shaker,things,46
saltwater,things,46
catalytic converter,things,46
cash register,things,46
mobile phone,things,46
car engine,things,46
car antenna,things,46
mural,things,46
chimpanzee,things,46
calcite,things,46
pizza box,things,46
needle,things,46
bamboo leaf,things,46
barber chair,things,46
oatmeal cookie,things,46
water hyacinth,things,46
bread knife,things,46
paintbrush,things,46
parrot,things,46
analog stick,things,46
seedling tray,things,46
ruler,things,46
spit,things,46
spatula,things,46
mushroom,things,44
balcony,things,44
seafoam,things,44
pillowtop,things,44
lemon juice,things,44
groundhog,things,44
nose ring,things,44
index card,things,44
limousine,things,44
plastic sign,things,44
rubber,things,44
television remote,things,44
loading ramp,things,44
lace top,things,44
muffler,things,44
inverter,things,44
eye,things,44
guppy,things,44
hair gel,things,44
jamaica,place,44
ducky,things,44
bolivia,place,44
turnstiles,things,44
wax,things,44
hibiscus,things,44
light switch,things,44
bottled water,things,44
sheetrock,things,44
honeybee,things,44
fridge magnet,things,44
cobblestone,things,44
electric oven,things,44
dresser,things,44
shoe rack,things,44
french toast,things,44
underground river,things,44
water buffalo,things,44
wire brush,things,44
attic ladder,things,44
kalamata olive,things,44
vans,things,44
air vent,things,44
coral reefs,things,44
finland,place,44
mixing bowl,things,44
cream cheese,things,44
kickstand,things,44
receipt printer,things,44
conference table,things,44
pumpkin,things,44
game board,things,44
vanilla extract,things,44
chocolate bar,things,44
rainbow cake,things,44
utensil drawer,things,44
fern,things,44
ginger ale,things,44
volcanic ash,things,44
thyroid medication,things,44
athens,things,44
tool shed,things,44
stain remover,things,44
ankle bracelet,things,44
woodpecker,things,42
garter,things,42
petroleum,things,42
perfume bottle,things,42
train door,things,42
rabbit,things,42
woolen blanket,things,42
peppermint,things,42
windbreak,things,42
penguin,things,42
pencil sharpener,things,42
bike path,things,42
tupperware,things,42
bluebell,things,42
earthworm,things,42
boa constrictor,things,42
seahorse,things,42
tissue box,things,42
beach chair,things,42
ghost crab,things,42
sash,things,42
yogurt container,things,42
porcupine,things,42
train horn,things,42
glass sheet,things,42
wine tasting kit,things,42
fuel filter,things,42
grape,things,42
robot arm,things,42
wire hanger,things,42
bacteria,things,42
protein shake,things,42
test strip,things,42
aprons,things,42
relief valve,things,42
archery target,things,42
tow truck,things,42
pipe,things,42
engine oil,things,42
energy drink,things,42
red wine,things,42
pillowcase,things,42
emergency light,things,42
earring,things,42
picnic basket,things,42
bathroom sink,things,42
railroad tracks,things,42
tofu,things,42
oak table,things,42
urinal,things,42
water,things,42
bunk bed,things,42
mangrove seedling,things,42
measuring cup,things,42
dishwasher,things,42
sound system,things,42
dishcloth,things,42
dining table,things,42
smartboard,things,42
kitchen knife,things,42
smartphone,things,42
corkscrew,things,42
champagne flute,things,42
oak tree,things,42
metal detector,things,42
internet modem,things,42
cannoli,things,42
invoice,things,42
mixing console,things,42
carnation,things,42
italy,place,42
stroller,things,42
card,things,42
jane,things,42
usb stick,things,42
jewelry box,things,42
docket,things,42
cuticle,things,42
coffee makers,things,42
coffee beans,things,42
cilantro,things,42
overhead wire,things,42
sycamore tree,things,42
broth,things,42
sprinkler system,things,42
sportswear,things,42
colander,things,42
historical marker,things,42
lottery ticket,things,42
lemon zest,things,42
bulb,things,42
clock,things,42
laptop,things,42
mailbox,things,42
coffee grounds,things,42
lemon wedge,things,40
jumper cables,things,40
rhubarb,things,40
streetlamp,things,40
mill building,things,40
kelp,things,40
microscope,things,40
roots,things,40
knitting needle,things,40
mango,things,40
kitchen island,things,40
legal pad,things,40
meatloaf,things,40
leaf,things,40
tiramisu,things,40
red velvet cake,things,40
garbage bag,things,40
quesadilla,things,40
spare bulb,things,40
raspberry,things,40
ginger,things,40
lace,things,40
park map,things,40
muffin,things,40
sandal,things,40
shovel,things,40
hair dryer,things,40
oakley sunglasses,things,40
ocarina,things,40
seagrass bed,things,40
swamp milkweed,things,40
pickaxe,things,40
photo album,things,40
orange juice,things,40
honey,things,40
icicle,things,40
home plate,things,40
peeler,things,40
seltzer,things,40
tea bag,things,40
headlamp,things,40
seed packet,things,40
headboard,things,40
headband,things,40
hair clipper,things,40
pillow fort,things,40
glass table,things,40
smith machine,things,40
soccer ball,things,40
grain bin,things,40
sauerkraut,things,40
mri,things,40
hdmi cable,things,40
sauna,things,40
grape juice,things,40
pliers,things,40
scrubber,things,40
gym mats,things,40
graphic novel,things,40
planter box,things,40
silicone mat,things,40
nylon,things,40
pine cone,things,40
tennis ball,things,40
impact wrench,things,40
ignition system,things,40
lid,things,40
ziploc,things,40
candle holder,things,40
bald eagle,things,40
cypress knee,things,40
cutting board,things,40
cupboard,things,40
fire helmet,things,40
crayfish,things,40
cowboy boot,things,40
bumper,things,40
conveyor belt,things,40
denim,things,40
electric violin,things,40
windsock,things,40
facial toner,things,40
bowl,things,40
beer tap,things,40
coconut,things,40
clutch bag,things,40
aspirin,things,40
cedar,things,40
denim jeans,things,40
dog park,things,40
duckweed,things,40
aerator,things,40
dogwood,things,40
ukulele case,things,40
transmission tower,things,40
toiletries bag,things,40
vest,things,40
wireless speaker,things,40
duvet cover,things,40
dining chair,things,40
moleskin,things,38
charging cord,things,38
manicure set,things,38
cheesecake,things,38
wall shelf,things,38
muffin tin,things,38
cauliflower,things,38
measuring tape,things,38
medication,things,38
modem,things,38
snowmobile,things,38
menorah,things,38
chessboard,things,38
mic stand,things,38
mesquite tree,things,38
soap suds,things,38
metal file,things,38
merchandise rack,things,38
frappuccino,things,38
lint brush,things,38
velvet rope,things,38
unleavened bread,things,38
survey marker,things,38
ice pop,things,38
ice water,things,38
dj mixer,things,38
disinfectant,things,38
dill pickle,things,38
strobe light,things,38
key chain,things,38
croissant,things,38
corral,things,38
cordless phone,things,38
valve,things,38
vase,things,38
comic book,things,38
camp stove,things,38
colombia,place,38
cold pack,things,38
squirrel,things,38
leash,things,38
coffee ground,things,38
latte,things,38
nitrous,things,38
cake,things,38
armenia,place,38
wine glass,things,38
bar counter,things,38
bamboo,things,38
balance beam,things,38
plastic baggie,things,38
plastic chair,things,38
plastic tube,things,38
plastic wrap,things,38
polar bear,things,38
popcorn machine,things,38
autograph,things,38
power cord,things,38
power strip,things,38
protein shakes,things,38
name tag,things,38
pry bar,things,38
puzzle,things,38
quarry,things,38
angelfish,things,38
rainboot,things,38
airport lighting,things,38
redwood tree,things,38
resin,things,38
rice pudding,things,38
rivet,things,38
rocking chair,things,38
adjustable bench,things,38
router,things,38
pilates,things,38
seagrass,things,38
beach umbrella,things,38
photocopier,things,38
slit,things,38
neon light,things,38
nightstand,things,38
drapes,things,38
sketchbook,things,38
silver ore,things,38
butter knife,things,38
wasp,things,38
water bowl,things,38
water fountain,things,38
water hose,things,38
brochure,things,38
shower cap,things,38
briefcase,things,38
shingle,things,38
bracelet,things,38
pail,things,38
paint sprayer,things,38
paint thinner,things,38
bookends,things,38
pajamas,things,38
paperwork,things,38
bird seed,things,38
bird cage,things,38
seam,things,38
sealing machine,things,38
pet bed,things,38
underwater camera,things,38
rose,things,38
headphones,things,38
elevator,things,38
hat,things,38
twine,things,38
exam table,things,38
toothbrush holder,things,38
gift box,things,38
turtle,things,38
handbag,things,38
hearing aid,things,38
toothpaste,things,38
gown,things,38
treehouse,things,38
handlebar,things,38
dvd,things,38
tote bin,things,38
end table,things,38
hanging basket,things,38
escalators,things,38
fir,things,38
green beans,things,38
hacksaw,things,38
training cone,things,38
extension cord,things,38
fanta,things,38
dynamite,things,38
hamster wheel,things,38
umbrella stand,things,38
toaster oven,things,38
fallen log,things,38
frozen meat,things,38
fallen tree,things,38
telescope,things,38
fog machine,things,38
throw rug,things,38
ultraviolet lamp,things,38
holly,things,38
food bowl,things,38
hole puncher,things,38
fire escape ladder,things,38
bug spray,things,36
nitrogen,things,36
norway,things,36
nozzle,things,36
water bottle,things,36
nintendo switch,things,36
office chair,things,36
olive oil,things,36
bus shelter,things,36
green alga,things,36
drapery,things,36
nepal,things,36
butterfly net,things,36
milkweed,things,36
ventilation system,things,36
china,place,36
maintenance truck,things,36
matches,things,36
maxi dress,things,36
electric bike,things,36
medical chart,things,36
melon,things,36
electric screwdriver,things,36
chair cushion,things,36
cat bed,things,36
button,things,36
volleyball,things,36
cardboard tube,things,36
mortar,things,36
cardboard box,things,36
soap dispenser,things,36
motorcycle,things,36
motorcycle helmet,things,36
movie poster,things,36
trashcan,things,36
tennis court,things,36
shower chair,things,36
glass panel,things,36
golf cart,things,36
water snake,things,36
power lines,things,36
wire,things,36
power pole,things,36
atm,things,36
press box,things,36
fish tank,things,36
flea,things,36
protein bar,things,36
purse,things,36
apple,things,36
anchovy,things,36
radio scanner,things,36
alarm system,things,36
yogurt,things,36
safety glasses,things,36
footrest,things,36
yule log,things,36
ribbon,things,36
rucksack,things,36
fortune cookie,things,36
rollercoaster,things,36
rolling pin,things,36
zip tie,things,36
auditorium,things,36
satellite dish,things,36
postage stamp,things,36
bed frame,things,36
rose bush,things,36
pallet jack,things,36
water well,things,36
bonsai tree,things,36
ventilation shaft,things,36
parts cleaner,things,36
pea plant,things,36
pear tree,things,36
pepper spray,things,36
pesticide,things,36
towel basket,things,36
toothpick,things,36
battery,things,36
picture frame,things,36
bandana,things,36
sea turtle,things,36
tide pool,things,36
plaque,things,36
bacon,things,36
play mat,things,36
polyester,things,36
pomegranate,things,36
lint roller,things,36
charging station,things,36
desk chairs,things,36
coat rack,things,36
lathe,things,36
tablet,things,36
hvac system,things,36
handcuff,things,36
squid,things,36
coal crusher,things,36
hand sanitizer,things,36
headphone,things,36
curtains,things,36
leotard,things,36
coffee mug,things,36
eiffel tower,things,36
cocktail glass,things,36
sugar packet,things,36
decal,things,36
cruise ship,things,36
dish soap,things,36
karaoke machine,things,36
swedish fish,things,36
laser beam,things,36
compactor,things,36
headlight,things,36
lifting belt,things,36
incense,things,36
edamame,things,36
jamaica,things,36
booth,things,34
igloo,things,34
dinosaur skeleton,things,34
steak knife,things,34
gadget,things,34
deciduous tree,things,34
bread basket,things,34
sunglass,things,34
oxygen,things,34
ketchup,things,34
tongue,things,34
austria,place,34
noodle,things,34
wire rack,things,34
shop towel,things,34
steam iron,things,34
outdoor furniture,things,34
saucer,things,34
keyring,things,34
king snake,things,34
exhibit sign,things,34
wiper,things,34
face mask,things,34
brochure stand,things,34
sandstorm,things,34
operating table,things,34
tank top,things,34
silicon,things,34
lily,things,34
bookend,things,34
culture medium,things,34
badminton court,things,34
gas mask,things,34
peony,things,34
curling,things,34
gin,things,34
beehive,things,34
planter,things,34
jersey,things,34
jasmine,things,34
sealant,things,34
phone case,things,34
baguette,things,34
placemat,things,34
filing cabinet,things,34
piano stool,things,34
jam,things,34
gelatin,things,34
thyroid,things,34
iv bag,things,34
ballpoint pen,things,34
gas cap,things,34
weightlifting belt,things,34
cup holder,things,34
giraffe,things,34
thumbtack,things,34
juniper tree,things,34
pamphlet,things,34
compass,things,34
dead leaf,things,34
automatic door,things,34
dye,things,34
ventilation fan,things,34
backgammon board,things,34
curler,things,34
waterslide,things,34
school bus,things,34
board games,things,34
weighing scale,things,34
parrotfish,things,34
storage bin,things,34
tile,things,34
weight plate,things,34
touchscreen,things,34
sling,things,34
concentrator,things,34
surgical drape,things,34
model airplane,things,34
medical cart,things,34
air compressor,things,34
electric motorcycle,things,34
sushi,things,34
leopard,things,34
trimming scissors,things,34
air tank,things,34
ceiling fan,things,34
metal spoon,things,34
emergency exit sign,things,34
tomato,things,34
catheter,things,34
dog tag,things,34
hand pruner,things,34
reading glasses,things,34
mini fridge,things,34
safety railing,things,34
hydrant,things,34
toilet brush,things,34
ham,things,34
loose change,things,34
clog,things,34
fresheners,things,34
hot dog,things,34
climber,things,34
clay,things,34
spice rack,things,34
lodge,things,34
lug,things,34
elastic bandage,things,34
advertisement,things,34
mail truck,things,34
chiller,things,34
accent chair,things,34
riverbed,things,34
hut,things,34
martini,things,34
yarrow,things,34
daisy,things,34
habanero pepper,things,34
laxative,things,34
eucalyptus,things,34
stained glass window,things,34
cable tie,things,34
tomato plant,things,34
cable tray,things,34
cactus flower,things,34
trash bag,things,34
trench coat,things,34
engagement ring,things,34
radish,things,34
snacks,things,34
cape,things,34
tassel,things,34
amphitheatre,things,34
muscle relaxant,things,34
veggie burger,things,34
worcestershire sauce,things,34
raisin,things,34
dog poop,things,32
doughnut,things,32
wine rack,things,32
safety harness,things,32
dishtowel,things,32
tweezers,things,32
dog bed,things,32
duct,things,32
workout log,things,32
fried rice,things,32
tire inflator,things,32
rat,things,32
portable speaker,things,32
floor mats,things,32
toad,things,32
bahrain,place,32
iv,things,32
hot tea,things,32
jacket,things,32
wing,things,32
applesauce,things,32
piranha,things,32
ticket machine,things,32
unbuttoned jacket,things,32
dump truck,things,32
ricotta,things,32
usb drives,things,32
pool cleaner,things,32
rice krispie,things,32
reef,things,32
air plant,things,32
analogy,things,32
power adapter,things,32
air handler,things,32
power grid,things,32
domino,things,32
unripe fruit,things,32
ice tray,things,32
stump,things,32
agave plant,things,32
backrest,things,32
dirt road,things,32
interstate,things,32
syrup,things,32
alfalfa,things,32
respirator,things,32
agave,things,32
irrigation system,things,32
popcorn,things,32
scones,things,32
baggage carousel,things,32
anesthesia,things,32
wood chip,things,32
water wing,things,32
bangladesh,place,32
taser,things,32
cat carrier,things,32
milling,things,32
casket,things,32
velvet couch,things,32
coffin,things,32
motion sensor,things,32
mucus,things,32
wall decorations,things,32
nightshade,things,32
elliptical trainers,things,32
nile monitor,things,32
bank,things,32
sleeping bag,things,32
skewer,things,32
northern cardinal,things,32
graphing calculator,things,32
knapweed,things,32
cotton,things,32
migraine,things,32
centerpiece,things,32
fabric sofa,things,32
cherry tree,things,32
linen,things,32
hamstring curl machine,things,32
cliff,things,32
closet,things,32
cinnamon roll,things,32
clothes hamper,things,32
magnet,things,32
telephone,things,32
hamburger helper,things,32
hair elastic,things,32
maple tree,things,32
soybeans,things,32
soup,things,32
library stamp,things,32
sorting machine,things,32
soldering iron,things,32
medical records,things,32
chandelier,things,32
oar,things,32
gravity,things,32
swing set,things,32
key ring,things,32
bobby pins,things,32
junction box,things,32
street sign,things,32
wheelchair ramp,things,32
whisk,things,32
sewing needle,things,32
traffic signal,things,32
train brake,things,32
pacifier,things,32
wig,things,32
parsley,things,32
oyster,things,32
bread maker,things,32
glass figurine,things,32
earth,things,32
window cleaner,things,32
steel sheet,things,32
bank statement,things,32
break room,things,32
cypress,things,32
thermometer probe,things,32
ostrich,things,32
gecko,things,32
bean,things,32
gps,things,32
virus,things,30
sweet tea,things,30
tow strap,things,30
security gate,things,30
volkswagen,things,30
storage room,things,30
spirit level,things,30
velvet rug,things,30
scrap metal,things,30
scratching posts,things,30
tractor,things,30
whistle,things,30
whiteboard,things,30
violin strings,things,30
wind vane,things,30
vietnamese coffee,things,30
wind chime,things,30
silicone,things,30
tunnel,things,30
vegetarian chili,things,30
water heater,things,30
turkey,things,30
thermal underwear,things,30
washing machine,things,30
tape measure,things,30
sippy cup,things,30
samoa,place,30
wisteria,things,30
wonton,things,30
vegan chocolate,things,30
tire gauge,things,30
stair stepper,things,30
smartwatch,things,30
soda,things,30
wall street,things,30
sticky notes,things,30
snake,things,30
soap dish,things,30
shaker,things,30
trellis,things,30
salad dressing,things,30
tin foil,things,30
sewing kit,things,30
tackle box,things,30
yeast,things,30
sock,things,30
velvet ribbon,things,30
acacia,things,30
furniture,things,30
concrete wall,things,30
marshmallow,things,30
fire extinguisher,things,30
finger food,things,30
measuring spoon,things,30
medallion,things,30
medical gown,things,30
fence panel,things,30
miniskirt,things,30
morocco,place,30
eruption,things,30
emergency lighting,things,30
electronic piano,things,30
electronic keyboard,things,30
electrical outlet,things,30
electric razor,things,30
nail clipper,things,30
nail polish remover,things,30
earl grey tea,things,30
ear drop,things,30
drying rack,things,30
drain hose,things,30
donuts,things,30
dolphin,things,30
onyx,things,30
diving board,things,30
cuff,things,30
cooler,things,30
fire hydrant,things,30
fishing pier,things,30
fitness tracker,things,30
grapefruit,things,30
humidity meter,things,30
honeydew,things,30
ironing board,things,30
jack stand,things,30
hiking boots,things,30
hash browns,things,30
hard hat,things,30
handrail,things,30
hand dryer,things,30
kentucky,things,30
hand drill,things,30
hamster,things,30
graduated cylinder,things,30
livestock trailer,things,30
gas turbine,things,30
laboratory manual,things,30
garment steamer,things,30
fuse,things,30
furniture polish,things,30
foil paper,things,30
level sensor,things,30
flower crown,things,30
license plate,things,30
lifting crane,things,30
lightbulb,things,30
litter scooper,things,30
ottoman,things,30
drainage pipe,things,30
ice cube tray,things,30
brussel sprout,things,30
peace lily,things,30
barbados,place,30
pellet,things,30
bunsen burner,things,30
bumble bee,things,30
phone charger,things,30
picket,things,30
rail track,things,30
buckle,things,30
pudding,things,30
carbon,things,30
arrival board,things,30
bollards,things,30
bleacher,things,30
binder clip,things,30
beer coaster,things,30
plastic pipe,things,30
possum,things,30
beach hut,things,30
bat,things,30
antidepressant,things,30
aquarium salt,things,30
anemone,things,30
centipede,things,30
clip,things,30
cinder block,things,30
chocolate cake,things,30
paper roll,things,30
relish,things,30
cereal,things,30
baggage conveyor,things,30
reptile,things,30
wrist weights,things,28
ice cream maker,things,28
australia,place,28
ice bin,things,28
adhd medication,things,28
footbridge,things,28
toilet,things,28
frozen waffle,things,28
sword fern,things,28
fruit cup,things,28
air conditioner,things,28
atmosphere,things,28
wooden spoon,things,28
guitar pick,things,28
apple pie,things,28
amazon echo,things,28
airport,things,28
gas stove,things,28
hangar,things,28
alley,things,28
almond milk,things,28
heart rate monitors,things,28
tank,things,28
gasket,things,28
glass window,things,28
gold,things,28
wireless microphone,things,28
vending machine,things,28
floor jacks,things,28
canyon,things,28
dumbbells,things,28
dugout,things,28
vr headset,things,28
support beam,things,28
cardboard,things,28
dog shampoo,things,28
cereal bar,things,28
chew toy,things,28
upright piano,things,28
cutlery,things,28
computer workstation,things,28
common milkweed,things,28
coffee table,things,28
coffee machine,things,28
cockroach,things,28
duvet,things,28
canning jar,things,28
bath mat,things,28
edible flowers,things,28
beanbag,things,28
wii,things,28
fishing rod,things,28
first aid kit,things,28
clothes rack,things,28
bookcase,things,28
water pump,things,28
fennel,things,28
tractor shed,things,28
exit sign,things,28
evaporator,things,28
buffalo,things,28
envelope,things,28
butter,things,28
elbow pad,things,28
beer stein,things,28
rosemary,things,28
paperweights,things,28
microwave,things,28
kheer,things,28
pillow sham,things,28
outdoor pool,things,28
kitchen table,things,28
komodo dragon,things,28
mango tree,things,28
petunia,things,28
oven door,things,28
shirt,things,28
lagoon,things,28
shipping label,things,28
luggage,things,28
lanyard,things,28
stage lights,things,28
paper tray,things,28
laundry cart,things,28
lawn mower,things,28
paper towels,things,28
packing peanuts,things,28
lawnmower,things,28
sewage system,things,28
shower caddy,things,28
steering wheel,things,28
nail polish,things,28
rug,things,28
rangefinder,things,28
salon sign,things,28
reading pillow,things,28
pyramid,things,28
nokia phone,things,28
orange slice,things,28
jello,things,28
milling machine,things,28
ruby,things,28
plastic pallet,things,28
khaki pants,things,28
oven rack,things,26
netgear,things,26
northern mockingbird,things,26
smoke alarm,things,26
climbing rope,things,26
tulip,things,26
cotton candy,things,26
coke,things,26
nose,things,26
coral reef,things,26
ointment,things,26
shoelace,things,26
diaper,things,26
damselfish,things,26
orange zest,things,26
condenser,things,26
vanity mirror,things,26
christmas tree,things,26
conditioner,things,26
city hall,things,26
sunscreen,things,26
pants,things,26
bird netting,things,26
rowing machines,things,26
yoga mat,things,26
writing paper,things,26
rusty nail,things,26
rv,things,26
safety goggles,things,26
aperol spritz,things,26
pressure gauge,things,26
potted plant,things,26
bean plant,things,26
beech tree,things,26
playing cards,things,26
scoreboard,things,26
bench,things,26
screwdriver,things,26
charger,things,26
watering can,things,26
waterhole,things,26
bookbag,things,26
brazil,place,26
picnic table,things,26
seagull,things,26
bulletin,things,26
perfume,things,26
cane,things,26
cantaloupe,things,26
parking pass,things,26
voucher,things,26
mri machine,things,26
serving platter,things,26
smoothie,things,26
utility box,things,26
joystick,things,26
library card,things,26
stick,things,26
motor,things,26
feather boa,things,26
metal foil,things,26
fireplace mantle,things,26
grinder,things,26
hazelnut,things,26
journal,things,26
thailand,place,26
enamel,things,26
hose line,things,26
teddy bear,things,26
soundboard,things,26
ticket stub,things,26
gel,things,26
inhaler,things,26
juicer,things,26
strainer,things,26
towel,things,26
goose,things,26
file folder,things,26
spotlight,things,24
pad,things,24
shipping container,things,24
plastic gloves,things,24
tongue depressor,things,24
fish scale,things,24
tool belt,things,24
security systems,things,24
bleachers,things,24
leaf rake,things,24
weasel,things,24
bonding agent,things,24
squash,things,24
pipette,things,24
frisbee,things,24
caribou,things,24
kitchen cabinet,things,24
parallel bars,things,24
garden shovel,things,24
water dish,things,24
water chestnut,things,24
glass shelf,things,24
trophy,things,24
hand lotion,things,24
bedroom,things,24
juice box,things,24
orange peel,things,24
snowball,things,24
embroidery,things,24
snowdrift,things,24
egypt,place,24
suture,things,24
insulation,things,24
nature trail,things,24
sweetgum tree,things,24
sudan,place,24
mouse,things,24
wonton soup,things,24
australia,things,24
power cable,things,24
stove,things,24
fireplace,things,24
plunger,things,24
potato chip,things,24
satellite,things,24
barbell collar,things,24
straightening iron,things,24
fan blade,things,24
honeydew melon,things,22
argentina,place,22
bumper sticker,things,22
blinds,things,22
acorn,things,22
lab coat,things,22
air filter,things,22
aquarium stand,things,22
water jug,things,22
beer glass,things,22
wristband,things,22
plastic fork,things,22
public address system,things,22
brownies,things,22
wrench,things,22
wastewater,things,22
moving walkway,things,22
lifter,things,22
fossil,things,22
masks,things,22
compost,things,22
vegetable,things,22
utility belt,things,22
space station,things,22
eyeglass,things,22
palmetto tree,things,22
mop,things,22
vintage dollhouse,things,22
chile,place,22
chicken wire,things,22
dust jacket,things,22
noise-canceling headphones,things,22
empty can,things,22
dvd player,things,22
wall mirror,things,22
sedge,things,22
wall art,things,22
garden fork,things,22
tire,things,22
cottage,things,22
norway,place,20
underwater volcano,things,20
notebook,things,20
roadrunner,things,20
mousepad,things,20
ecuador,place,20
azerbaijan,place,20
oregon,things,20
canal,things,20
ultrasound,things,20
iron,things,20
emergency lights,things,20
ice sculpture,things,20
roller,things,20
necklace,things,20
peanut butter,things,20
hanging hook,things,20
screen,things,20
steak,things,20
brewery merchandise,things,20
voice recorder,things,20
bread pudding,things,20
chestnut,things,20
gutter,things,20
chime,things,20
potato,things,20
vegetation,things,20
spain,place,20
madagascar,place,20
rooster,things,18
wine opener,things,18
atlantic ocean,things,18
hydro turbine,things,18
book cover,things,18
entrance door,things,18
frappe,things,18
raindrops,things,18
lace dress,things,18
bike,things,18
fire alarm,things,18
vietnam,place,18
electric saw,things,18
chutney,things,16
aluminum foil,things,16
nap mat,things,16
dustbin,things,16
door,things,16
sandhill crane,things,16
television,things,16
humus,things,14
willow tree,things,14
tube,things,14
haiti,place,10
afghanistan,place,10
fertilizer,things,8
